rating_communication,work_duration,rating_timeliness,rating_value,agency_id,verified,title,body,rating_quality,approved,agency_response,agency_response_date,user_id,company_name,rating_overall,role_hired,id,created_date,updated_date,created_by_id,created_by,is_sample
"4","9 months","5","5","699178c906e94195c109ab1c","true","Exceptional finance recruitment","Charlotte Finance Recruiters found us top financial analysts. Their banking industry expertise really shows.","5","true","","","699175bf29cd26bbd2653c05","Investment Bank","5","Financial Analyst","69918421364355d765c0fcf9","2026-02-15T08:30:25.605000","2026-02-15T08:30:25.605000","699175bf29cd26bbd2653c05","abhipatel8675@gmail.com","false"
"4","6 months","4","5","699178c906e94195c109ab1d","false","Good hospitality staffing","Tampa Hospitality helped staff our resort for peak season. Reliable workers and fair pricing.","4","true","","","699175bf29cd26bbd2653c05","Beach Resort","4","Hotel Staff","69918421364355d765c0fcfa","2026-02-15T08:30:25.605000","2026-02-15T08:30:25.605000","699175bf29cd26bbd2653c05","abhipatel8675@gmail.com","false"
"5","8 months","5","4","699178c906e94195c109ab1e","true","Top legal recruitment","Richmond Legal Staffing placed excellent paralegals. Their understanding of legal requirements is impressive.","5","true","","","699175bf29cd26bbd2653c05","Law Firm","5","Paralegal","69918421364355d765c0fcfb","2026-02-15T08:30:25.605000","2026-02-15T08:30:25.605000","699175bf29cd26bbd2653c05","abhipatel8675@gmail.com","false"
"4","1 year","4","4","699178c906e94195c109ab1f","true","Great entertainment staffing","Las Vegas Entertainment found us talented production staff for our shows. Industry knowledge is solid.","5","true","","","699175bf29cd26bbd2653c05","Casino Resort","4","Production Coordinator","69918421364355d765c0fcfc","2026-02-15T08:30:25.605000","2026-02-15T08:30:25.605000","699175bf29cd26bbd2653c05","abhipatel8675@gmail.com","false"
"5","18 months","5","4","699178ca06e94195c109ab21","true","Excellent offshore development","Kochi IT Services provided skilled developers at great rates. Communication is smooth despite time zone differences.","5","true","","","699175bf29cd26bbd2653c05","SaaS Startup","5","Full Stack Developer","69918421364355d765c0fcfd","2026-02-15T08:30:25.605000","2026-02-15T08:30:25.605000","699175bf29cd26bbd2653c05","abhipatel8675@gmail.com","false"
"4","2 years","5","5","699178ca06e94195c109ab24","true","Top healthcare recruitment","Hamilton Healthcare consistently delivers quality nurses. They're our preferred partner for healthcare staffing.","5","true","","","699175bf29cd26bbd2653c05","Community Hospital","5","Registered Nurse","69918421364355d765c0fcfe","2026-02-15T08:30:25.605000","2026-02-15T08:30:25.605000","699175bf29cd26bbd2653c05","abhipatel8675@gmail.com","false"
"4","10 months","5","4","699178ca06e94195c109ab27","true","Reliable supply chain staffing","Columbus Supply Chain placed experienced logistics coordinators. All hires have been strong performers.","5","true","","","699175bf29cd26bbd2653c05","Distribution Co","4","Logistics Coordinator","69918421364355d765c0fcff","2026-02-15T08:30:25.605000","2026-02-15T08:30:25.605000","699175bf29cd26bbd2653c05","abhipatel8675@gmail.com","false"
"5","1 year","5","4","699178ca06e94195c109ab28","true","Outstanding healthcare staffing","San Antonio Healthcare Pros filled urgent ER nurse positions quickly. Truly saved us during staffing crisis.","5","true","","","699175bf29cd26bbd2653c05","Trauma Center","5","ER Nurse","69918421364355d765c0fd00","2026-02-15T08:30:25.605000","2026-02-15T08:30:25.605000","699175bf29cd26bbd2653c05","abhipatel8675@gmail.com","false"
"4","8 months","4","5","699178ca06e94195c109ab29","true","Good manufacturing staffing","Indianapolis Manufacturing provided reliable production workers. Competitive pricing and good service.","4","true","","","699175bf29cd26bbd2653c05","Pharma Manufacturer","4","Production Worker","69918421364355d765c0fd01","2026-02-15T08:30:25.605000","2026-02-15T08:30:25.605000","699175bf29cd26bbd2653c05","abhipatel8675@gmail.com","false"
"5","1 year","5","4","699178ca06e94195c109ab2a","true","Exceptional automotive recruitment","Detroit Automotive placed top automotive engineers. Their deep industry connections in the Motor City are unmatched.","5","true","","","699175bf29cd26bbd2653c05","OEM Supplier","5","Automotive Engineer","69918421364355d765c0fd02","2026-02-15T08:30:25.605000","2026-02-15T08:30:25.605000","699175bf29cd26bbd2653c05","abhipatel8675@gmail.com","false"
"5","7 months","5","4","699178c806e94195c109ab11","true","Outstanding tech recruiting","Raleigh Tech Talent placed three senior engineers for us. Their understanding of the Research Triangle tech scene is impressive.","5","true","","","699175bf29cd26bbd2653c05","Biotech SaaS","5","Senior Software Engineer","699183c2364355d765c0fcef","2026-02-15T08:28:50.501000","2026-02-15T08:28:50.501000","699175bf29cd26bbd2653c05","abhipatel8675@gmail.com","false"
"4","2 years","5","4","699178c806e94195c109ab12","true","Excellent healthcare staffing","Philadelphia Healthcare consistently delivers qualified nurses. They're our preferred staffing partner.","5","true","","","699175bf29cd26bbd2653c05","University Hospital","5","RN - Med Surg","699183c2364355d765c0fcf0","2026-02-15T08:28:50.501000","2026-02-15T08:28:50.501000","699175bf29cd26bbd2653c05","abhipatel8675@gmail.com","false"
"5","8 months","5","5","699178c806e94195c109ab13","true","Exceptional executive search","Dallas Executive Recruiters found us a phenomenal CEO. Worth every penny of the retainer fee.","5","true","","","699175bf29cd26bbd2653c05","Private Equity Firm","5","Chief Executive Officer","699183c2364355d765c0fcf1","2026-02-15T08:28:50.501000","2026-02-15T08:28:50.501000","699175bf29cd26bbd2653c05","abhipatel8675@gmail.com","false"
"4","6 months","4","4","699178c806e94195c109ab14","false","Great marketing talent","Atlanta Marketing Staffing found us skilled digital marketers. Good understanding of our industry needs.","5","true","","","699175bf29cd26bbd2653c05","E-commerce Brand","4","Digital Marketing Manager","699183c2364355d765c0fcf2","2026-02-15T08:28:50.501000","2026-02-15T08:28:50.501000","699175bf29cd26bbd2653c05","abhipatel8675@gmail.com","false"
"5","5 months","5","4","699178c806e94195c109ab15","true","Solid IT recruitment","Minneapolis IT Staffing provided cybersecurity professionals quickly. Very responsive team.","4","true","","","699175bf29cd26bbd2653c05","Healthcare IT","4","Security Engineer","699183c2364355d765c0fcf3","2026-02-15T08:28:50.501000","2026-02-15T08:28:50.501000","699175bf29cd26bbd2653c05","abhipatel8675@gmail.com","false"
"4","9 months","5","4","699178c906e94195c109ab16","true","Top biotech recruitment","San Diego Biotech placed experienced research scientists. Their life sciences expertise is evident.","5","true","","","699175bf29cd26bbd2653c05","Pharmaceutical Co","5","Research Scientist","699183c2364355d765c0fcf4","2026-02-15T08:28:50.501000","2026-02-15T08:28:50.501000","699175bf29cd26bbd2653c05","abhipatel8675@gmail.com","false"
"4","1 year","4","5","699178c906e94195c109ab17","true","Good HR solutions","Gurgaon HR Solutions helped with bulk hiring for our BPO. Cost-effective and efficient process.","4","true","","","699175bf29cd26bbd2653c05","BPO Services","4","Customer Service Representatives","699183c2364355d765c0fcf5","2026-02-15T08:28:50.501000","2026-02-15T08:28:50.501000","699175bf29cd26bbd2653c05","abhipatel8675@gmail.com","false"
"4","8 months","4","5","699178c906e94195c109ab18","false","Affordable software developers","Noida Software Staffing provided .NET developers at competitive rates. Good quality for the price.","4","true","","","699175bf29cd26bbd2653c05","Software Services","4",".NET Developer","699183c2364355d765c0fcf6","2026-02-15T08:28:50.501000","2026-02-15T08:28:50.501000","699175bf29cd26bbd2653c05","abhipatel8675@gmail.com","false"
"4","6 months","5","4","699178c906e94195c109ab19","true","Reliable manufacturing staffing","Mississauga Industrial placed experienced machine operators. All workers showed up on time and performed well.","5","true","","","699175bf29cd26bbd2653c05","Auto Parts","4","Machine Operator","699183c2364355d765c0fcf7","2026-02-15T08:28:50.501000","2026-02-15T08:28:50.501000","699175bf29cd26bbd2653c05","abhipatel8675@gmail.com","false"
"5","10 months","5","4","699178c906e94195c109ab1b","true","Silicon Valley excellence","San Jose Software Engineers found us top-tier ML engineers. Premium pricing but exceptional talent.","5","true","","","699175bf29cd26bbd2653c05","AI Startup","5","ML Engineer","699183c2364355d765c0fcf8","2026-02-15T08:28:50.501000","2026-02-15T08:28:50.501000","699175bf29cd26bbd2653c05","abhipatel8675@gmail.com","false"
"4","6 months","4","4","699178b006e94195c109ab00","false","Good entertainment staffing","LA Entertainment helped us staff our production. Professional and understanding of industry needs.","4","true","","","699175bf29cd26bbd2653c05","Film Studio","4","Production Assistant","699183a1364355d765c0fce5","2026-02-15T08:28:17.510000","2026-02-15T08:28:17.510000","699175bf29cd26bbd2653c05","abhipatel8675@gmail.com","false"
"5","1 year","5","4","699178b006e94195c109ab01","true","Excellent cloud engineers","Hyderabad Cloud Experts provided AWS certified engineers. Top-notch technical skills and great work ethic.","5","true","","","699175bf29cd26bbd2653c05","Cloud Consulting","5","AWS Solutions Architect","699183a1364355d765c0fce6","2026-02-15T08:28:17.510000","2026-02-15T08:28:17.510000","699175bf29cd26bbd2653c05","abhipatel8675@gmail.com","false"
"3","4 months","4","4","699178b006e94195c109ab02","false","Decent hospitality staffing","Miami Hospitality helped with seasonal hiring. Communication could be better but overall satisfied.","4","true","","","699175bf29cd26bbd2653c05","Resort Hotel","4","Front Desk Staff","699183a1364355d765c0fce7","2026-02-15T08:28:17.510000","2026-02-15T08:28:17.510000","699175bf29cd26bbd2653c05","abhipatel8675@gmail.com","false"
"4","8 months","4","4","699178b006e94195c109ab03","true","Professional government staffing","Ottawa Government Staffing understands public sector requirements. Found us qualified policy analysts.","5","true","","","699175bf29cd26bbd2653c05","Federal Agency","4","Policy Analyst","699183a1364355d765c0fce8","2026-02-15T08:28:17.510000","2026-02-15T08:28:17.510000","699175bf29cd26bbd2653c05","abhipatel8675@gmail.com","false"
"4","5 months","5","4","699178b006e94195c109ab04","false","Good manufacturing recruitment","Chennai Manufacturing placed quality operations managers. Quick process and candidates were well-vetted.","4","true","","","699175bf29cd26bbd2653c05","Auto Parts Manufacturer","4","Operations Manager","699183a1364355d765c0fce9","2026-02-15T08:28:17.510000","2026-02-15T08:28:17.510000","699175bf29cd26bbd2653c05","abhipatel8675@gmail.com","false"
"4","6 months","5","5","699178b706e94195c109ab07","true","Top finance recruitment","Denver Finance Staffing found us an excellent CFO. Their executive search process is very thorough.","5","true","","","699175bf29cd26bbd2653c05","Tech Startup","5","Chief Financial Officer","699183a1364355d765c0fcea","2026-02-15T08:28:17.510000","2026-02-15T08:28:17.510000","699175bf29cd26bbd2653c05","abhipatel8675@gmail.com","false"
"5","18 months","4","4","699178b706e94195c109ab0a","true","Great healthcare placements","Phoenix Healthcare Talent consistently delivers quality nurses. Very responsive to our urgent needs.","4","true","","","699175bf29cd26bbd2653c05","Regional Hospital","4","ER Nurse","699183a1364355d765c0fceb","2026-02-15T08:28:17.510000","2026-02-15T08:28:17.510000","699175bf29cd26bbd2653c05","abhipatel8675@gmail.com","false"
"5","10 months","5","4","699178b706e94195c109ab0c","true","Excellent construction staffing","Edmonton Construction found us skilled tradespeople quickly. All workers were experienced and professional.","5","true","","","699175bf29cd26bbd2653c05","Construction Co","5","Electrician","699183a1364355d765c0fcec","2026-02-15T08:28:17.510000","2026-02-15T08:28:17.510000","699175bf29cd26bbd2653c05","abhipatel8675@gmail.com","false"
"4","5 months","4","4","699178b706e94195c109ab0d","false","Creative talent agency","Portland Creative found us talented designers. Great portfolio review process and good candidates.","5","true","","","699175bf29cd26bbd2653c05","Design Agency","4","UX Designer","699183a1364355d765c0fced","2026-02-15T08:28:17.510000","2026-02-15T08:28:17.510000","699175bf29cd26bbd2653c05","abhipatel8675@gmail.com","false"
"4","1 year","4","5","699178b706e94195c109ab09","false","Good general staffing","Winnipeg General Staffing helped with multiple positions across departments. Reliable and affordable.","4","true","","","699175bf29cd26bbd2653c05","Retail Chain","4","Various","699183a1364355d765c0fcee","2026-02-15T08:28:17.510000","2026-02-15T08:28:17.510000","699175bf29cd26bbd2653c05","abhipatel8675@gmail.com","false"
"4","8 months","5","4","699178a606e94195c109aaf2","true","Outstanding healthcare staffing","MedCare helped us fill 5 RN positions quickly. Their screening process is thorough and all candidates were well-qualified.","5","true","","","699175bf29cd26bbd2653c05","Regional Health System","5","Registered Nurse","6991838d364355d765c0fcdb","2026-02-15T08:27:57.610000","2026-02-15T08:27:57.610000","699175bf29cd26bbd2653c05","abhipatel8675@gmail.com","false"
"5","18 months","4","5","699178a606e94195c109aaf4","true","Great offshore team","Built a 10-person offshore team in Bangalore. Communication has been excellent and developers are talented.","4","true","","","699175bf29cd26bbd2653c05","Tech Startup","4","Software Engineer","6991838d364355d765c0fcdc","2026-02-15T08:27:57.610000","2026-02-15T08:27:57.610000","699175bf29cd26bbd2653c05","abhipatel8675@gmail.com","false"
"4","4 months","5","4","699178a606e94195c109aaf6","true","Excellent tech recruiting","Toronto Tech Talent found us amazing React developers. Quick turnaround and great candidate quality.","5","true","","","699175bf29cd26bbd2653c05","Digital Agency","5","Frontend Developer","6991838d364355d765c0fcdd","2026-02-15T08:27:57.610000","2026-02-15T08:27:57.610000","699175bf29cd26bbd2653c05","abhipatel8675@gmail.com","false"
"4","2 years","4","5","699178a606e94195c109aaf8","false","Reliable staffing partner","FlexStaff has been our go-to for warehouse staffing. Always responsive and workers show up on time.","4","true","","","699175bf29cd26bbd2653c05","Distribution Center","4","Warehouse Associate","6991838d364355d765c0fcde","2026-02-15T08:27:57.610000","2026-02-15T08:27:57.610000","699175bf29cd26bbd2653c05","abhipatel8675@gmail.com","false"
"4","6 months","4","3","699178a606e94195c109aaf1","true","Good tech talent","Found us qualified engineers but pricing was on the higher side. Overall satisfied with the placements.","5","true","","","699175bf29cd26bbd2653c05","SaaS Company","4","DevOps Engineer","6991838d364355d765c0fcdf","2026-02-15T08:27:57.610000","2026-02-15T08:27:57.610000","699175bf29cd26bbd2653c05","abhipatel8675@gmail.com","false"
"5","1 year","5","4","699178b006e94195c109aafb","true","Top-tier offshore developers","Delhi IT Staffing provided excellent Java developers. Communication was smooth and delivery was on time.","5","true","","","699175bf29cd26bbd2653c05","Fintech Platform","5","Java Developer","6991838d364355d765c0fce0","2026-02-15T08:27:57.610000","2026-02-15T08:27:57.610000","699175bf29cd26bbd2653c05","abhipatel8675@gmail.com","false"
"4","5 months","4","4","699178b006e94195c109aafc","false","Solid bilingual recruiting","Montreal Bilingual Recruiters helped us find French-English bilingual customer service reps. Good service.","4","true","","","699175bf29cd26bbd2653c05","E-commerce Co","4","Customer Service Rep","6991838d364355d765c0fce1","2026-02-15T08:27:57.610000","2026-02-15T08:27:57.610000","699175bf29cd26bbd2653c05","abhipatel8675@gmail.com","false"
"5","10 months","5","4","699178b006e94195c109aafd","true","Excellent healthcare recruitment","Boston Healthcare Pros placed 8 nurses for our hospital. All were highly qualified and professional.","5","true","","","699175bf29cd26bbd2653c05","Teaching Hospital","5","ICU Nurse","6991838d364355d765c0fce2","2026-02-15T08:27:57.610000","2026-02-15T08:27:57.610000","699175bf29cd26bbd2653c05","abhipatel8675@gmail.com","false"
"5","7 months","4","5","699178b006e94195c109aafe","false","Good Python developers","Pune Software Engineers delivered quality Python developers at competitive rates. Would recommend.","4","true","","","699175bf29cd26bbd2653c05","Data Analytics Firm","4","Python Developer","6991838d364355d765c0fce3","2026-02-15T08:27:57.610000","2026-02-15T08:27:57.610000","699175bf29cd26bbd2653c05","abhipatel8675@gmail.com","false"
"4","3 months","5","5","699178b006e94195c109aaff","true","Great energy sector recruitment","Calgary Energy Recruiters found us experienced petroleum engineers quickly. Industry expertise is impressive.","5","true","","","699175bf29cd26bbd2653c05","Energy Corp","5","Petroleum Engineer","6991838d364355d765c0fce4","2026-02-15T08:27:57.610000","2026-02-15T08:27:57.610000","699175bf29cd26bbd2653c05","abhipatel8675@gmail.com","false"
"5","6 months","5","4","699178a606e94195c109aaf1","true","Excellent IT staffing partner","TechStaff Solutions helped us hire 3 senior engineers in under 2 months. Their screening process is top-notch and candidates were pre-vetted thoroughly. Highly recommend for tech hiring!","5","true","","","699175bf29cd26bbd2653c05","FinTech Innovations Inc","5","Senior Software Engineer","699178d706e94195c109ab14","2026-02-15T07:42:15.572000","2026-02-15T07:42:15.572000","699175bf29cd26bbd2653c05","abhipatel8675@gmail.com","false"
"5","3 months","4","5","699178a606e94195c109aaf1","true","Great experience hiring cloud architects","Found us exceptional cloud architects. Communication was excellent throughout. Pricing was reasonable for the quality of candidates.","4","true","","","699175bf29cd26bbd2653c05","CloudCorp","5","Cloud Architect","699178d706e94195c109ab15","2026-02-15T07:42:15.572000","2026-02-15T07:42:15.572000","699175bf29cd26bbd2653c05","abhipatel8675@gmail.com","false"
"5","2 years","5","4","699178a606e94195c109aaf2","true","Best healthcare staffing agency","We've worked with many healthcare staffing agencies, and MedCare stands out. They understand our needs and always deliver qualified nurses quickly.","5","true","Thank you for your trust! We're committed to providing quality healthcare professionals.","2026-01-15T10:00:00Z","699175bf29cd26bbd2653c05","Metro Hospital","5","Registered Nurse","699178d706e94195c109ab16","2026-02-15T07:42:15.572000","2026-02-15T07:42:15.572000","699175bf29cd26bbd2653c05","abhipatel8675@gmail.com","false"
"5","4 months","5","5","699178a606e94195c109aaf3","true","Outstanding executive search firm","Executive Edge found us an incredible COO who has transformed our operations. Their process is thorough and professional. Worth every penny.","5","true","","","699175bf29cd26bbd2653c05","Growth Ventures","5","Chief Operating Officer","699178d706e94195c109ab17","2026-02-15T07:42:15.572000","2026-02-15T07:42:15.572000","699175bf29cd26bbd2653c05","abhipatel8675@gmail.com","false"
"4","1 year","4","5","699178a606e94195c109aaf4","true","Excellent offshore development team","Global Talent Hub helped us build an offshore team in Bangalore. Great developers, competitive pricing, and smooth onboarding process.","5","true","","","699175bf29cd26bbd2653c05","SaaS Startup","5","Full Stack Developer","699178d706e94195c109ab18","2026-02-15T07:42:15.572000","2026-02-15T07:42:15.572000","699175bf29cd26bbd2653c05","abhipatel8675@gmail.com","false"
"4","5 months","4","4","699178a606e94195c109aaf6","true","Great tech recruiting in Toronto","Found us talented React developers quickly. Communication was good and candidates were well-prepared for interviews.","5","true","","","699175bf29cd26bbd2653c05","Digital Agency","4","React Developer","699178d706e94195c109ab19","2026-02-15T07:42:15.572000","2026-02-15T07:42:15.572000","699175bf29cd26bbd2653c05","abhipatel8675@gmail.com","false"
"5","18 months","5","4","699178a606e94195c109aaf7","true","Reliable healthcare staffing partner","Vancouver Healthcare has been our go-to for nurse placements. Always professional and responsive. They understand the urgency of healthcare staffing.","5","true","","","699175bf29cd26bbd2653c05","Regional Medical Center","5","ICU Nurse","699178d706e94195c109ab1a","2026-02-15T07:42:15.572000","2026-02-15T07:42:15.572000","699175bf29cd26bbd2653c05","abhipatel8675@gmail.com","false"
"4","4 months","4","4","699178a606e94195c109aaf8","false","Good general staffing agency","FlexStaff helped us with seasonal warehouse workers. Good service, reasonable rates, and workers were reliable.","4","true","","","699175bf29cd26bbd2653c05","Logistics Co","4","Warehouse Worker","699178d706e94195c109ab1b","2026-02-15T07:42:15.572000","2026-02-15T07:42:15.572000","699175bf29cd26bbd2653c05","abhipatel8675@gmail.com","false"
"4","3 months","5","5","699178a606e94195c109aaf9","true","Top cloud security talent","Seattle Software found us cybersecurity experts quickly. Great candidates with relevant certifications and experience.","5","true","","","699175bf29cd26bbd2653c05","Tech Corp","5","Security Engineer","699178d706e94195c109ab1c","2026-02-15T07:42:15.572000","2026-02-15T07:42:15.572000","699175bf29cd26bbd2653c05","abhipatel8675@gmail.com","false"
"5","6 months","5","4","699178a606e94195c109aafa","true","Excellent CTO placement","Austin Executive Search found us a phenomenal CTO for our startup. Their understanding of the startup ecosystem is impressive.","5","true","","","699175bf29cd26bbd2653c05","TechStart","5","Chief Technology Officer","699178d706e94195c109ab1d","2026-02-15T07:42:15.572000","2026-02-15T07:42:15.572000","699175bf29cd26bbd2653c05","abhipatel8675@gmail.com","false"