date,category,country,total_on_site,scraped,status,url
2026-04-03 00:41,fertilizer,egypt,56,0,dry-run,https://ensun.io/search/fertilizer/egypt
2026-04-03 00:41,clothing,egypt,37,0,dry-run,https://ensun.io/search/clothing/egypt
2026-04-03 00:41,dental,germany,100,0,dry-run,https://ensun.io/search/dental/germany
2026-04-03 00:41,dental,italy,100,0,dry-run,https://ensun.io/search/dental/italy
2026-04-03 00:42,dental,china,26,0,dry-run,https://ensun.io/search/dental/china
2026-04-03 00:42,dental,japan,19,0,dry-run,https://ensun.io/search/dental/japan
2026-04-03 00:42,fertilizer,egypt,56,0,dry-run,https://ensun.io/search/fertilizer/egypt
2026-04-03 00:42,clothing,egypt,37,0,dry-run,https://ensun.io/search/clothing/egypt
2026-04-03 00:42,fertilizer,egypt,56,38,ok,https://ensun.io/search/fertilizer/egypt
2026-04-03 00:43,clothing,egypt,37,13,ok,https://ensun.io/search/clothing/egypt
2026-04-03 00:43,dental,germany,100,0,dry-run,https://ensun.io/search/dental/germany
2026-04-03 00:43,dental,italy,100,0,dry-run,https://ensun.io/search/dental/italy
2026-04-03 00:43,dental,china,26,0,dry-run,https://ensun.io/search/dental/china
2026-04-03 00:43,dental,japan,19,0,dry-run,https://ensun.io/search/dental/japan
2026-04-03 00:43,pharmaceutical,canada,100,0,dry-run,https://ensun.io/search/pharmaceutical/canada
2026-04-03 00:43,pharmaceutical,germany,100,0,dry-run,https://ensun.io/search/pharmaceutical/germany
2026-04-03 00:44,stent,united-states,unknown,0,dry-run,https://ensun.io/search/stent/united-states
2026-04-03 00:44,stent,germany,unknown,0,dry-run,https://ensun.io/search/stent/germany
2026-04-03 00:44,stent,united-kingdom,unknown,0,dry-run,https://ensun.io/search/stent/united-kingdom
2026-04-03 00:44,stent,india,unknown,0,dry-run,https://ensun.io/search/stent/india
2026-04-03 00:44,stent,china,unknown,0,dry-run,https://ensun.io/search/stent/china
2026-04-03 00:44,stent,canada,unknown,0,dry-run,https://ensun.io/search/stent/canada
2026-04-03 00:45,stent,australia,unknown,0,dry-run,https://ensun.io/search/stent/australia
2026-04-03 00:45,stent,france,unknown,0,dry-run,https://ensun.io/search/stent/france
2026-04-03 00:45,stent,netherlands,unknown,0,dry-run,https://ensun.io/search/stent/netherlands
2026-04-03 00:45,stent,italy,unknown,0,dry-run,https://ensun.io/search/stent/italy
2026-04-03 00:45,vitamin,australia,100,0,dry-run,https://ensun.io/search/vitamin/australia
2026-04-03 00:45,neurotechnology,switzerland,100,0,dry-run,https://ensun.io/search/neurotechnology/switzerland
2026-04-03 00:45,neurotechnology,estonia,38,0,dry-run,https://ensun.io/search/neurotechnology/estonia
2026-04-03 00:46,forging,china,100,0,dry-run,https://ensun.io/search/forging/china
2026-04-03 00:46,forging,australia,100,0,dry-run,https://ensun.io/search/forging/australia
2026-04-03 00:46,rotational-molding,united-states,100,0,dry-run,https://ensun.io/search/rotational-molding/united-states
2026-04-03 00:46,rotational-molding,germany,100,0,dry-run,https://ensun.io/search/rotational-molding/germany
2026-04-03 00:46,rotational-molding,united-kingdom,100,0,dry-run,https://ensun.io/search/rotational-molding/united-kingdom
2026-04-03 00:46,rotational-molding,india,100,0,dry-run,https://ensun.io/search/rotational-molding/india
2026-04-03 00:46,rotational-molding,china,100,0,dry-run,https://ensun.io/search/rotational-molding/china
2026-04-03 00:47,rotational-molding,canada,100,0,dry-run,https://ensun.io/search/rotational-molding/canada
2026-04-03 00:47,rotational-molding,australia,100,0,dry-run,https://ensun.io/search/rotational-molding/australia
2026-04-03 00:47,rotational-molding,france,100,0,dry-run,https://ensun.io/search/rotational-molding/france
2026-04-03 00:47,rotational-molding,netherlands,100,0,dry-run,https://ensun.io/search/rotational-molding/netherlands
2026-04-03 00:47,rotational-molding,italy,100,0,dry-run,https://ensun.io/search/rotational-molding/italy
2026-04-03 00:47,pipe,canada,314,0,dry-run,https://ensun.io/search/pipe/canada
2026-04-03 00:47,transformer,pakistan,24,0,dry-run,https://ensun.io/search/transformer/pakistan
2026-04-03 00:48,gas-cylinder,united-states,1218,0,dry-run,https://ensun.io/search/gas-cylinder/united-states
2026-04-03 00:48,gas-cylinder,germany,294,0,dry-run,https://ensun.io/search/gas-cylinder/germany
2026-04-03 00:48,gas-cylinder,united-kingdom,unknown,0,dry-run,https://ensun.io/search/gas-cylinder/united-kingdom
2026-04-03 00:48,gas-cylinder,india,148,0,dry-run,https://ensun.io/search/gas-cylinder/india
2026-04-03 00:48,gas-cylinder,china,108,0,dry-run,https://ensun.io/search/gas-cylinder/china
2026-04-03 00:48,gas-cylinder,canada,183,0,dry-run,https://ensun.io/search/gas-cylinder/canada
2026-04-03 00:48,gas-cylinder,australia,206,0,dry-run,https://ensun.io/search/gas-cylinder/australia
2026-04-03 00:49,gas-cylinder,france,unknown,0,dry-run,https://ensun.io/search/gas-cylinder/france
2026-04-03 00:49,gas-cylinder,netherlands,unknown,0,dry-run,https://ensun.io/search/gas-cylinder/netherlands
2026-04-03 00:49,gas-cylinder,italy,unknown,0,dry-run,https://ensun.io/search/gas-cylinder/italy
2026-04-03 00:49,automotive-glass,united-states,2943,0,dry-run,https://ensun.io/search/automotive-glass/united-states
2026-04-03 00:49,automotive-glass,germany,unknown,0,dry-run,https://ensun.io/search/automotive-glass/germany
2026-04-03 00:49,automotive-glass,united-kingdom,unknown,0,dry-run,https://ensun.io/search/automotive-glass/united-kingdom
2026-04-03 00:50,automotive-glass,india,214,0,dry-run,https://ensun.io/search/automotive-glass/india
2026-04-03 00:50,automotive-glass,china,117,0,dry-run,https://ensun.io/search/automotive-glass/china
2026-04-03 00:50,automotive-glass,canada,470,0,dry-run,https://ensun.io/search/automotive-glass/canada
2026-04-03 00:50,automotive-glass,australia,514,0,dry-run,https://ensun.io/search/automotive-glass/australia
2026-04-03 00:50,automotive-glass,france,unknown,0,dry-run,https://ensun.io/search/automotive-glass/france
2026-04-03 00:50,automotive-glass,netherlands,unknown,0,dry-run,https://ensun.io/search/automotive-glass/netherlands
2026-04-03 00:50,automotive-glass,italy,unknown,0,dry-run,https://ensun.io/search/automotive-glass/italy
2026-04-03 00:51,loudspeaker,italy,47,0,dry-run,https://ensun.io/search/loudspeaker/italy
2026-04-03 00:51,electricity,poland,54,0,dry-run,https://ensun.io/search/electricity/poland
2026-04-03 00:51,propane,canada,100,0,dry-run,https://ensun.io/search/propane/canada
2026-04-03 00:51,biochar,germany,100,0,dry-run,https://ensun.io/search/biochar/germany
2026-04-03 00:51,pyrolysis,united-states,100,0,dry-run,https://ensun.io/search/pyrolysis/united-states
2026-04-03 00:51,pyrolysis,germany,100,0,dry-run,https://ensun.io/search/pyrolysis/germany
2026-04-03 00:51,pyrolysis,united-kingdom,unknown,0,dry-run,https://ensun.io/search/pyrolysis/united-kingdom
2026-04-03 00:52,pyrolysis,india,100,0,dry-run,https://ensun.io/search/pyrolysis/india
2026-04-03 00:52,pyrolysis,china,100,0,dry-run,https://ensun.io/search/pyrolysis/china
2026-04-03 00:52,pyrolysis,canada,100,0,dry-run,https://ensun.io/search/pyrolysis/canada
2026-04-03 00:52,pyrolysis,australia,100,0,dry-run,https://ensun.io/search/pyrolysis/australia
2026-04-03 00:52,pyrolysis,france,unknown,0,dry-run,https://ensun.io/search/pyrolysis/france
2026-04-03 00:52,pyrolysis,netherlands,unknown,0,dry-run,https://ensun.io/search/pyrolysis/netherlands
2026-04-03 00:52,pyrolysis,italy,unknown,0,dry-run,https://ensun.io/search/pyrolysis/italy
2026-04-03 00:53,semiconductor,pakistan,13,0,dry-run,https://ensun.io/search/semiconductor/pakistan
2026-04-03 00:53,semiconductor,denmark,47,0,dry-run,https://ensun.io/search/semiconductor/denmark
2026-04-03 00:53,computer,india,514,0,dry-run,https://ensun.io/search/computer/india
2026-04-03 00:53,printer,japan,15,0,dry-run,https://ensun.io/search/printer/japan
2026-04-03 00:53,satellite,india,100,0,dry-run,https://ensun.io/search/satellite/india
2026-04-03 00:53,quantum-security,united-states,100,0,dry-run,https://ensun.io/search/quantum-security/united-states
2026-04-03 00:53,quantum-security,germany,100,0,dry-run,https://ensun.io/search/quantum-security/germany
2026-04-03 00:54,quantum-security,united-kingdom,unknown,0,dry-run,https://ensun.io/search/quantum-security/united-kingdom
2026-04-03 00:54,quantum-security,india,100,0,dry-run,https://ensun.io/search/quantum-security/india
2026-04-03 00:54,quantum-security,china,78,0,dry-run,https://ensun.io/search/quantum-security/china
2026-04-03 00:54,quantum-security,canada,100,0,dry-run,https://ensun.io/search/quantum-security/canada
2026-04-03 00:54,quantum-security,australia,100,0,dry-run,https://ensun.io/search/quantum-security/australia
2026-04-03 00:54,quantum-security,france,unknown,0,dry-run,https://ensun.io/search/quantum-security/france
2026-04-03 00:55,quantum-security,netherlands,unknown,0,dry-run,https://ensun.io/search/quantum-security/netherlands
2026-04-03 00:55,quantum-security,italy,unknown,0,dry-run,https://ensun.io/search/quantum-security/italy
2026-04-03 00:55,atm,pakistan,47,0,dry-run,https://ensun.io/search/atm/pakistan
2026-04-03 00:55,construction,mexico,100,0,dry-run,https://ensun.io/search/construction/mexico
2026-04-03 00:55,elevator,greece,41,0,dry-run,https://ensun.io/search/elevator/greece
2026-04-03 00:55,elevator,turkey,68,0,dry-run,https://ensun.io/search/elevator/turkey
2026-04-03 00:55,resin,turkey,37,0,dry-run,https://ensun.io/search/resin/turkey
2026-04-03 00:56,lactose,united-states,unknown,0,dry-run,https://ensun.io/search/lactose/united-states
2026-04-03 00:56,lactose,germany,unknown,0,dry-run,https://ensun.io/search/lactose/germany
2026-04-03 00:56,lactose,united-kingdom,unknown,0,dry-run,https://ensun.io/search/lactose/united-kingdom
2026-04-03 00:56,lactose,india,unknown,0,dry-run,https://ensun.io/search/lactose/india
2026-04-03 00:56,lactose,china,unknown,0,dry-run,https://ensun.io/search/lactose/china
2026-04-03 00:56,lactose,canada,unknown,0,dry-run,https://ensun.io/search/lactose/canada
2026-04-03 00:56,lactose,australia,unknown,0,dry-run,https://ensun.io/search/lactose/australia
2026-04-03 00:57,lactose,france,unknown,0,dry-run,https://ensun.io/search/lactose/france
2026-04-03 00:57,lactose,netherlands,unknown,0,dry-run,https://ensun.io/search/lactose/netherlands
2026-04-03 00:57,lactose,italy,unknown,0,dry-run,https://ensun.io/search/lactose/italy
2026-04-03 00:57,biostimulant,united-states,unknown,0,dry-run,https://ensun.io/search/biostimulant/united-states
2026-04-03 00:57,biostimulant,germany,unknown,0,dry-run,https://ensun.io/search/biostimulant/germany
2026-04-03 00:57,biostimulant,united-kingdom,unknown,0,dry-run,https://ensun.io/search/biostimulant/united-kingdom
2026-04-03 00:57,biostimulant,india,unknown,0,dry-run,https://ensun.io/search/biostimulant/india
2026-04-03 00:58,biostimulant,china,unknown,0,dry-run,https://ensun.io/search/biostimulant/china
2026-04-03 00:58,biostimulant,canada,unknown,0,dry-run,https://ensun.io/search/biostimulant/canada
2026-04-03 00:58,biostimulant,australia,unknown,0,dry-run,https://ensun.io/search/biostimulant/australia
2026-04-03 00:58,biostimulant,france,unknown,0,dry-run,https://ensun.io/search/biostimulant/france
2026-04-03 00:58,biostimulant,netherlands,unknown,0,dry-run,https://ensun.io/search/biostimulant/netherlands
2026-04-03 00:58,biostimulant,italy,unknown,0,dry-run,https://ensun.io/search/biostimulant/italy
2026-04-03 00:59,cosmetics,iran,unknown,0,dry-run,https://ensun.io/search/cosmetics/iran
2026-04-03 00:59,cosmetics,czechia,64,0,dry-run,https://ensun.io/search/cosmetics/czechia
2026-04-03 00:59,agriculture,romania,21,0,dry-run,https://ensun.io/search/agriculture/romania
2026-04-03 00:59,fertilizer,egypt,56,0,dry-run,https://ensun.io/search/fertilizer/egypt
2026-04-03 00:59,agrochemical,pakistan,84,0,dry-run,https://ensun.io/search/agrochemical/pakistan
2026-04-03 00:59,agrochemical,poland,47,0,dry-run,https://ensun.io/search/agrochemical/poland
2026-04-03 00:59,clothing,egypt,37,0,dry-run,https://ensun.io/search/clothing/egypt
2026-04-03 00:59,hosiery,china,26,0,dry-run,https://ensun.io/search/hosiery/china
2026-04-03 01:00,aerospace,norway,41,0,dry-run,https://ensun.io/search/aerospace/norway
2026-04-03 01:00,ammunition,spain,unknown,0,dry-run,https://ensun.io/search/ammunition/spain
2026-04-03 01:00,gunpowder,united-states,unknown,0,dry-run,https://ensun.io/search/gunpowder/united-states
2026-04-03 01:00,gunpowder,germany,unknown,0,dry-run,https://ensun.io/search/gunpowder/germany
2026-04-03 01:00,gunpowder,united-kingdom,unknown,0,dry-run,https://ensun.io/search/gunpowder/united-kingdom
2026-04-03 01:00,gunpowder,india,unknown,0,dry-run,https://ensun.io/search/gunpowder/india
2026-04-03 01:00,gunpowder,china,unknown,0,dry-run,https://ensun.io/search/gunpowder/china
2026-04-03 01:01,gunpowder,canada,unknown,0,dry-run,https://ensun.io/search/gunpowder/canada
2026-04-03 01:01,gunpowder,australia,unknown,0,dry-run,https://ensun.io/search/gunpowder/australia
2026-04-03 01:01,gunpowder,france,unknown,0,dry-run,https://ensun.io/search/gunpowder/france
2026-04-03 01:01,gunpowder,netherlands,unknown,0,dry-run,https://ensun.io/search/gunpowder/netherlands
2026-04-03 01:01,gunpowder,italy,unknown,0,dry-run,https://ensun.io/search/gunpowder/italy
2026-04-03 01:01,maritime,germany,100,0,dry-run,https://ensun.io/search/maritime/germany
2026-04-03 01:02,shipping,ghana,51,0,dry-run,https://ensun.io/search/shipping/ghana
2026-04-03 01:02,delivery-drone,united-states,100,0,dry-run,https://ensun.io/search/delivery-drone/united-states
2026-04-03 01:02,delivery-drone,germany,100,0,dry-run,https://ensun.io/search/delivery-drone/germany
2026-04-03 01:02,delivery-drone,united-kingdom,100,0,dry-run,https://ensun.io/search/delivery-drone/united-kingdom
2026-04-03 01:02,delivery-drone,india,100,0,dry-run,https://ensun.io/search/delivery-drone/india
2026-04-03 01:02,delivery-drone,china,100,0,dry-run,https://ensun.io/search/delivery-drone/china
2026-04-03 01:02,delivery-drone,canada,100,0,dry-run,https://ensun.io/search/delivery-drone/canada
2026-04-03 01:03,delivery-drone,australia,100,0,dry-run,https://ensun.io/search/delivery-drone/australia
2026-04-03 01:03,delivery-drone,france,100,0,dry-run,https://ensun.io/search/delivery-drone/france
2026-04-03 01:03,delivery-drone,netherlands,100,0,dry-run,https://ensun.io/search/delivery-drone/netherlands
2026-04-03 01:03,delivery-drone,italy,100,0,dry-run,https://ensun.io/search/delivery-drone/italy
2026-04-03 01:03,lighting,india,100,0,dry-run,https://ensun.io/search/lighting/india
2026-04-03 01:03,lighting,belgium,100,0,dry-run,https://ensun.io/search/lighting/belgium
2026-04-03 01:03,refrigerator,india,145,0,dry-run,https://ensun.io/search/refrigerator/india
2026-04-03 01:04,mattress,italy,100,0,dry-run,https://ensun.io/search/mattress/italy
2026-04-03 01:04,funding,zimbabwe,12,0,dry-run,https://ensun.io/search/funding/zimbabwe
2026-04-03 01:04,coffee,israel,13,0,dry-run,https://ensun.io/search/coffee/israel
2026-04-03 01:04,greenhouse,germany,100,0,dry-run,https://ensun.io/search/greenhouse/germany
2026-04-03 01:04,greenhouse,netherlands,100,0,dry-run,https://ensun.io/search/greenhouse/netherlands
2026-04-03 01:04,butter,pakistan,29,0,dry-run,https://ensun.io/search/butter/pakistan
2026-04-03 01:04,edtech,bangladesh,100,0,dry-run,https://ensun.io/search/edtech/bangladesh
2026-04-03 01:05,lingerie,brazil,100,0,dry-run,https://ensun.io/search/lingerie/brazil
2026-04-03 01:05,lingerie,turkey,unknown,0,dry-run,https://ensun.io/search/lingerie/turkey
2026-04-03 01:05,dredging,philippines,69,0,dry-run,https://ensun.io/search/dredging/philippines
2026-04-03 01:05,gaming,spain,100,0,dry-run,https://ensun.io/search/gaming/spain
2026-04-03 01:05,aircraft,australia,unknown,0,dry-run,https://ensun.io/search/aircraft/australia
2026-04-03 01:05,nanotechnology,germany,100,0,dry-run,https://ensun.io/search/nanotechnology/germany
2026-04-03 01:05,glass,bangladesh,unknown,0,dry-run,https://ensun.io/search/glass/bangladesh
2026-04-03 01:06,hvac,philippines,32,0,dry-run,https://ensun.io/search/hvac/philippines
2026-04-03 01:06,fragrance,india,100,0,dry-run,https://ensun.io/search/fragrance/india
2026-04-03 01:13,fertilizer,egypt,56,10,ok,https://ensun.io/search/fertilizer/egypt
2026-04-03 01:14,clothing,egypt,37,10,ok,https://ensun.io/search/clothing/egypt
